{
  "ref_size": [
    590,
    1266
  ],
  "items": {
    "bread": {
      "score": 0.36537593603134155,
      "x": 249,
      "y": 296,
      "w": 68,
      "h": 50,
      "left_pct": 42.20338983050848,
      "top_pct": 23.380726698262244,
      "width_pct": 11.525423728813559,
      "height_pct": 3.949447077409163
    },
    "shrimp": {
      "score": 0.6620409488677979,
      "x": 214,
      "y": 411,
      "w": 44,
      "h": 33,
      "left_pct": 36.271186440677965,
      "top_pct": 32.464454976303315,
      "width_pct": 7.4576271186440675,
      "height_pct": 2.6066350710900474
    },
    "blackberry": {
      "score": 0.8332644701004028,
      "x": 387,
      "y": 522,
      "w": 48,
      "h": 36,
      "left_pct": 65.59322033898304,
      "top_pct": 41.23222748815166,
      "width_pct": 8.135593220338983,
      "height_pct": 2.843601895734597
    },
    "pineapple": {
      "score": 0.7305246591567993,
      "x": 167,
      "y": 461,
      "w": 44,
      "h": 33,
      "left_pct": 28.305084745762713,
      "top_pct": 36.413902053712484,
      "width_pct": 7.4576271186440675,
      "height_pct": 2.6066350710900474
    },
    "cheese": {
      "score": 0.6865692734718323,
      "x": 275,
      "y": 465,
      "w": 52,
      "h": 39,
      "left_pct": 46.610169491525426,
      "top_pct": 36.72985781990521,
      "width_pct": 8.813559322033898,
      "height_pct": 3.080568720379147
    },
    "egg": {
      "score": 0.5080243945121765,
      "x": 536,
      "y": 602,
      "w": 54,
      "h": 40,
      "left_pct": 90.84745762711864,
      "top_pct": 47.55134281200632,
      "width_pct": 9.152542372881356,
      "height_pct": 3.1595576619273302
    },
    "steak": {
      "score": 0.6241772770881653,
      "x": 104,
      "y": 870,
      "w": 44,
      "h": 33,
      "left_pct": 17.627118644067796,
      "top_pct": 68.72037914691943,
      "width_pct": 7.4576271186440675,
      "height_pct": 2.6066350710900474
    },
    "almond": {
      "score": 0.6795522570610046,
      "x": 51,
      "y": 961,
      "w": 44,
      "h": 33,
      "left_pct": 8.64406779661017,
      "top_pct": 75.9083728278041,
      "width_pct": 7.4576271186440675,
      "height_pct": 2.6066350710900474
    },
    "kiwi": {
      "score": 0.7138117551803589,
      "x": 214,
      "y": 548,
      "w": 56,
      "h": 42,
      "left_pct": 36.271186440677965,
      "top_pct": 43.28593996840442,
      "width_pct": 9.491525423728813,
      "height_pct": 3.3175355450236967
    }
  }
}